phone_number,timestamp,site_visited,app_used,data_used_mb,session_duration,vpn_detected,ip_address
9876543210,2024-03-23 05:54:00,instagram.com,TeamViewer,11.48,23,False,49.245.177.221
9876543210,2024-04-24 16:10:00,tor2web.org,Signal,218.72,11,False,250.200.217.240
9876543210,2024-03-22 23:13:00,instagram.com,AnyDesk,15.85,112,False,181.73.250.35
9876543210,2024-05-26 08:39:00,flipkart.com,TeamViewer,19.72,118,True,9.183.252.12
9876543210,2024-05-22 14:20:00,instagram.com,AnyDesk,37.08,44,False,59.129.33.32
9876543210,2024-04-24 15:35:00,whatsapp.com,YouTube,15.37,45,False,194.107.162.97
9876543210,2024-04-11 22:20:00,twitter.com,YouTube,43.2,86,False,145.145.179.199
9876543210,2024-04-21 00:52:00,twitter.com,Paytm,42.39,66,True,224.213.21.119
9876543210,2024-05-23 03:37:00,flipkart.com,Paytm,18.68,84,False,189.142.118.16
9876543210,2024-05-16 14:25:00,twitter.com,Signal,48.28,67,False,120.134.53.224
9876543210,2024-03-17 14:01:00,instagram.com,Telegram,12.88,104,False,236.245.214.84
9876543210,2024-03-15 20:10:00,whatsapp.com,WhatsApp,46.2,109,True,140.7.205.29
9876543210,2024-03-05 04:11:00,instagram.com,Instagram,3.21,102,False,83.183.169.190
9876543210,2024-05-16 08:19:00,flipkart.com,TeamViewer,42.93,116,False,188.9.79.68
9876543210,2024-05-30 05:35:00,google.com,BHIM,26.84,57,False,248.97.48.203
9876543210,2024-05-08 01:50:00,youtube.com,PhonePe,4.51,115,True,243.25.52.122
9876543210,2024-03-25 16:16:00,hawala.com,Telegram,161.75,35,False,144.249.15.175
9876543210,2024-03-26 12:38:00,twitter.com,Telegram,24.6,33,False,91.129.12.135
9876543210,2024-03-14 00:56:00,hawala.com,Signal,33.42,120,False,80.112.172.135
9876543210,2024-05-29 03:14:00,google.com,PhonePe,44.78,27,False,96.24.239.54
9876543210,2024-03-11 23:44:00,facebook.com,Chrome,14.35,78,False,172.47.48.181
9876543210,2024-03-17 07:49:00,hotstar.com,WhatsApp,33.34,113,True,241.11.244.80
9876543210,2024-03-08 21:31:00,protonmail.com,Signal,457.38,40,False,75.111.145.69
9876543210,2024-04-16 23:31:00,flipkart.com,Chrome,36.19,51,False,202.52.60.16
9876543210,2024-04-24 17:47:00,twitter.com,Instagram,9.68,95,False,238.207.142.139
9876543210,2024-04-22 03:35:00,hawala.com,Telegram,214.85,104,True,26.38.122.59
9876543210,2024-04-13 10:19:00,hotstar.com,Paytm,4.26,54,False,123.211.36.30
9876543210,2024-03-23 07:47:00,onion.to,AnyDesk,30.46,5,False,29.53.131.157
9876543210,2024-03-14 19:11:00,youtube.com,Telegram,21.83,111,True,23.245.229.48
9876543210,2024-03-11 08:01:00,google.com,TeamViewer,10.53,20,False,184.138.33.181
9876543210,2024-04-03 19:39:00,twitter.com,Chrome,23.67,34,False,186.29.111.13
9876543210,2024-03-22 17:47:00,telegram.org,Signal,413.16,19,False,162.211.228.110
9876543210,2024-05-05 09:00:00,instagram.com,TeamViewer,11.46,46,False,119.137.211.82
9876543210,2024-05-11 14:29:00,flipkart.com,Telegram,38.08,114,False,132.152.79.123
9876543210,2024-03-13 21:50:00,youtube.com,WhatsApp,17.74,29,True,127.188.112.2
9876543210,2024-04-27 06:39:00,instagram.com,Chrome,27.26,30,True,41.6.151.247
9876543210,2024-04-13 16:21:00,localbitcoins.com,AnyDesk,497.79,1,True,182.192.76.138
9876543210,2024-05-24 10:20:00,localbitcoins.com,TeamViewer,107.71,25,True,113.37.103.33
9876543210,2024-05-23 23:29:00,google.com,Paytm,20.36,93,False,77.107.155.48
9876543210,2024-03-01 01:05:00,flipkart.com,PhonePe,13.54,114,True,104.58.127.179
9876543210,2024-03-17 21:24:00,facebook.com,Telegram,46.33,75,False,37.123.106.217
9876543210,2024-05-16 23:39:00,amazon.in,AnyDesk,15.18,114,False,138.179.11.163
9876543210,2024-04-05 02:48:00,facebook.com,Telegram,3.46,74,False,139.157.151.125
9876543210,2024-04-23 13:25:00,tor2web.org,Signal,46.38,114,False,191.175.167.57
9876543210,2024-05-11 11:15:00,instagram.com,GPay,7.23,34,True,128.189.3.146
9876543210,2024-03-13 15:04:00,hawala.com,Signal,412.24,108,True,54.163.132.32
9876543210,2024-05-10 18:32:00,hawala.com,Telegram,479.84,20,False,191.206.3.11
9876543210,2024-03-06 23:49:00,youtube.com,TeamViewer,20.72,109,False,209.219.231.145
9876543210,2024-04-03 01:49:00,instagram.com,Paytm,4.55,109,True,92.92.101.158
9876543210,2024-03-29 09:35:00,youtube.com,GPay,40.25,26,False,45.146.215.230
9876543210,2024-05-24 04:28:00,hotstar.com,Telegram,46.41,104,True,165.248.159.129
9876543210,2024-04-10 19:47:00,flipkart.com,WhatsApp,42.21,10,True,135.211.42.60
9876543210,2024-04-29 17:26:00,flipkart.com,Instagram,11.18,59,True,96.174.120.230
9876543210,2024-03-01 21:20:00,twitter.com,Paytm,13.98,48,False,252.92.49.123
9876543210,2024-03-03 13:02:00,google.com,Chrome,30.75,66,False,193.210.112.74
9876543210,2024-04-29 11:51:00,whatsapp.com,Paytm,22.88,19,False,198.43.250.157
9876543210,2024-04-19 18:14:00,binance.com,Telegram,335.91,60,True,133.250.129.198
9876543210,2024-05-04 04:26:00,facebook.com,BHIM,12.98,100,True,63.8.110.131
9876543210,2024-05-24 02:41:00,instagram.com,GPay,38.09,81,False,96.148.34.195
9876543210,2024-05-01 20:07:00,flipkart.com,GPay,6.13,85,False,215.49.66.140
9876543210,2024-05-16 08:29:00,amazon.in,Telegram,28.59,87,False,116.43.236.80
9876543210,2024-05-21 18:01:00,protonmail.com,Telegram,413.2,104,False,156.19.248.117
9876543210,2024-03-19 20:23:00,hotstar.com,BHIM,47.05,115,True,217.26.214.131
9876543210,2024-04-08 22:25:00,facebook.com,PhonePe,21.3,90,False,235.154.107.238
9876543210,2024-04-24 06:06:00,whatsapp.com,PhonePe,7.46,43,False,29.169.50.217
9876543210,2024-03-16 08:04:00,amazon.in,BHIM,13.66,85,True,8.25.187.98
9876543210,2024-04-16 17:35:00,onion.to,Telegram,440.51,74,False,115.142.255.74
9876543210,2024-04-30 19:55:00,instagram.com,Instagram,16.35,32,False,176.58.25.253
9876543210,2024-04-03 21:29:00,amazon.in,GPay,3.17,119,False,246.248.129.231
9876543210,2024-05-02 15:40:00,nordvpn.com,TeamViewer,74.73,82,False,73.42.219.153
9876543210,2024-05-09 06:44:00,amazon.in,WhatsApp,34.38,91,True,120.172.232.102
9876543210,2024-04-30 04:16:00,protonmail.com,TeamViewer,215.67,120,False,135.185.238.228
9876543210,2024-04-16 19:24:00,facebook.com,AnyDesk,49.01,18,False,155.196.211.14
9876543210,2024-04-14 16:19:00,instagram.com,Signal,39.08,47,False,92.216.229.186
9876543210,2024-03-19 11:44:00,hotstar.com,PhonePe,22.96,67,False,56.97.177.225
9876543210,2024-04-15 01:08:00,hotstar.com,Instagram,28.21,115,False,192.65.132.108
9876543210,2024-05-29 20:13:00,facebook.com,AnyDesk,3.13,4,True,88.105.151.24
9876543210,2024-04-19 20:13:00,nordvpn.com,TeamViewer,409.99,25,True,141.81.184.217
9876543210,2024-04-25 09:29:00,flipkart.com,Paytm,15.67,84,False,44.167.99.252
9876543210,2024-05-12 14:19:00,hotstar.com,GPay,39.91,41,False,41.23.42.22
9876543210,2024-03-26 17:17:00,twitter.com,Paytm,36.94,46,False,48.233.17.197
9876543210,2024-05-20 15:40:00,instagram.com,Signal,20.59,46,False,115.215.235.75
9876543210,2024-03-09 08:33:00,instagram.com,Paytm,40.83,107,True,110.217.21.185
9876543210,2024-05-25 02:03:00,tor2web.org,AnyDesk,195.14,10,False,72.165.158.209
9876543210,2024-04-09 05:19:00,google.com,WhatsApp,16.16,38,False,189.199.147.85
9876543210,2024-04-09 00:20:00,telegram.org,AnyDesk,428.48,80,True,85.222.5.27
9876543210,2024-03-06 10:44:00,whatsapp.com,GPay,41.21,120,False,31.126.93.254
9876543210,2024-04-02 08:57:00,google.com,YouTube,36.74,6,False,147.167.54.177
9876543210,2024-03-09 05:37:00,flipkart.com,BHIM,25.41,58,True,192.173.223.62
9876543210,2024-03-26 05:00:00,hotstar.com,TeamViewer,28.22,112,False,19.185.156.250
9876543210,2024-05-02 08:18:00,facebook.com,Telegram,18.7,5,False,177.96.212.234
9876543210,2024-05-03 02:26:00,twitter.com,TeamViewer,22.74,66,False,250.81.72.10
9876543210,2024-03-17 18:48:00,amazon.in,Signal,34.6,24,False,71.127.182.144
9876543210,2024-03-16 07:25:00,facebook.com,Paytm,43.75,68,True,146.10.27.157
9876543210,2024-05-09 16:12:00,instagram.com,AnyDesk,43.2,22,True,66.206.106.57
9876543210,2024-04-18 06:06:00,twitter.com,PhonePe,9.27,37,True,102.46.75.25
9876543210,2024-03-05 13:32:00,telegram.org,Telegram,183.03,61,True,5.219.129.117
9876543210,2024-03-23 06:48:00,nordvpn.com,Telegram,463.08,33,False,107.138.134.131
9876543210,2024-03-06 17:40:00,amazon.in,Telegram,4.42,22,False,128.81.253.74
9876543210,2024-03-09 13:20:00,twitter.com,PhonePe,31.76,29,False,9.113.61.148
9876543210,2024-05-10 02:32:00,youtube.com,TeamViewer,47.31,41,False,167.218.76.187
9876543210,2024-03-07 19:32:00,localbitcoins.com,Telegram,108.37,85,False,98.92.68.255
9876543210,2024-05-27 21:15:00,localbitcoins.com,Telegram,237.12,6,True,187.18.133.34
9876543210,2024-03-06 20:02:00,telegram.org,AnyDesk,58.22,62,False,252.231.32.24
9876543210,2024-05-14 05:53:00,twitter.com,YouTube,43.83,64,True,80.134.169.162
9876543210,2024-03-31 00:27:00,whatsapp.com,Telegram,1.39,17,False,176.208.6.132
9876543210,2024-05-27 17:11:00,hotstar.com,PhonePe,1.6,13,False,32.215.238.8
9876543210,2024-03-12 06:11:00,telegram.org,Telegram,317.3,119,False,96.21.200.160
9876543210,2024-03-04 13:02:00,telegram.org,Signal,18.39,6,False,134.235.28.242
9876543210,2024-03-16 01:18:00,binance.com,Signal,433.93,116,False,252.188.2.209
9876543210,2024-05-24 03:13:00,hawala.com,Signal,43.02,96,True,7.3.194.117
9876543210,2024-03-09 16:51:00,facebook.com,TeamViewer,40.31,76,False,220.56.16.127
9876543210,2024-04-22 01:32:00,whatsapp.com,TeamViewer,1.17,90,True,251.93.52.171
9876543210,2024-03-23 06:19:00,amazon.in,Chrome,39.13,119,False,59.64.169.84
9876543210,2024-03-21 14:30:00,amazon.in,PhonePe,2.82,117,False,219.244.224.37
9876543210,2024-04-02 08:54:00,facebook.com,BHIM,31.54,47,False,187.117.232.77
9876543210,2024-03-02 13:12:00,onion.to,AnyDesk,326.36,87,False,7.172.48.248
9876543210,2024-05-21 20:00:00,binance.com,Telegram,436.94,65,True,207.90.136.51
9876543210,2024-05-10 03:22:00,twitter.com,Instagram,18.96,114,False,116.95.239.110
9876543210,2024-04-04 06:45:00,binance.com,TeamViewer,319.01,45,False,115.122.12.5
9876543210,2024-05-25 10:32:00,google.com,Paytm,18.8,110,False,93.154.161.230
9876543210,2024-04-18 08:22:00,binance.com,Telegram,58.51,16,True,54.107.95.242
9876543210,2024-05-22 02:08:00,instagram.com,Telegram,11.53,6,False,212.132.243.226
9876543210,2024-04-25 20:29:00,onion.to,AnyDesk,119.15,28,False,4.251.180.164
9876543210,2024-03-10 13:14:00,youtube.com,GPay,25.65,12,False,39.12.125.65
9876543210,2024-04-17 10:15:00,facebook.com,TeamViewer,23.05,103,True,77.113.40.64
9876543210,2024-04-30 07:50:00,flipkart.com,WhatsApp,2.51,29,False,139.227.149.98
9876543210,2024-04-24 14:44:00,google.com,Signal,30.07,31,True,129.220.193.253
9876543210,2024-03-29 12:26:00,localbitcoins.com,TeamViewer,84.21,17,False,128.2.23.233
9876543210,2024-03-09 17:26:00,whatsapp.com,Instagram,43.24,21,False,162.25.253.37
9876543210,2024-04-21 13:35:00,youtube.com,GPay,46.4,14,False,213.68.45.237
9876543210,2024-05-29 08:48:00,youtube.com,Chrome,9.88,66,True,124.101.193.75
9876543210,2024-04-09 13:31:00,flipkart.com,Paytm,48.75,51,False,21.220.75.162
9876543210,2024-04-25 07:02:00,twitter.com,BHIM,11.98,72,False,208.44.170.227
9876543210,2024-05-10 00:21:00,instagram.com,AnyDesk,27.53,103,False,178.216.247.130
9876543210,2024-05-28 23:36:00,amazon.in,Telegram,25.95,30,False,32.187.173.128
9876543210,2024-04-20 06:34:00,amazon.in,Signal,13.08,82,False,37.65.221.185
9876543210,2024-03-13 19:48:00,hawala.com,TeamViewer,389.75,113,False,170.235.72.121
9876543210,2024-03-23 04:53:00,binance.com,Telegram,336.12,33,True,151.47.244.155
9876543210,2024-03-10 05:32:00,facebook.com,AnyDesk,15.9,77,True,14.125.120.137
9876543210,2024-05-26 02:19:00,amazon.in,BHIM,1.32,104,False,110.104.101.25
9876543210,2024-03-14 11:19:00,twitter.com,Paytm,46.79,64,False,162.197.180.201
9876543210,2024-04-24 21:06:00,instagram.com,TeamViewer,30.33,87,False,188.223.172.8
9876543210,2024-04-06 14:35:00,instagram.com,Chrome,2.94,89,False,85.92.123.100
9876543210,2024-05-15 09:22:00,amazon.in,Signal,22.03,37,False,162.218.248.10
9876543210,2024-03-17 20:15:00,telegram.org,Signal,23.78,39,False,171.96.95.73
9876543210,2024-03-11 13:03:00,nordvpn.com,Telegram,207.81,63,False,158.147.190.89
9876543210,2024-05-05 14:34:00,hawala.com,Telegram,320.34,100,False,73.39.180.202
9876543210,2024-04-10 20:32:00,amazon.in,Paytm,41.05,7,False,202.167.13.96
9876543210,2024-05-25 22:14:00,onion.to,AnyDesk,427.21,74,False,197.50.186.61
9876543210,2024-05-22 15:26:00,localbitcoins.com,Telegram,47.48,62,False,146.88.160.172
9876543210,2024-03-26 22:38:00,hotstar.com,WhatsApp,5.8,70,True,196.79.39.1
9876543210,2024-04-28 03:23:00,whatsapp.com,Telegram,31.92,33,False,203.128.149.44
9876543210,2024-04-06 00:36:00,facebook.com,GPay,25.53,4,False,170.23.24.199
9876543210,2024-03-31 11:15:00,facebook.com,YouTube,42.36,51,False,97.183.177.63
9876543210,2024-04-03 22:03:00,instagram.com,Telegram,43.9,105,False,129.166.31.232
9876543210,2024-05-23 07:30:00,amazon.in,Instagram,22.54,113,False,208.57.235.112
9876543210,2024-05-09 07:10:00,tor2web.org,Signal,313.56,68,False,51.200.213.216
9876543210,2024-04-06 02:04:00,google.com,WhatsApp,36.11,73,False,31.245.176.151
9876543210,2024-04-29 20:54:00,facebook.com,Instagram,21.36,50,False,184.36.89.245
9876543210,2024-05-19 09:52:00,google.com,BHIM,17.7,82,False,35.65.77.180
9876543210,2024-03-05 14:26:00,protonmail.com,Telegram,201.49,65,False,192.42.80.160
9876543210,2024-04-08 17:57:00,instagram.com,PhonePe,34.62,82,False,193.17.32.83
9876543210,2024-04-22 16:55:00,whatsapp.com,YouTube,25.1,63,True,241.97.98.158
9876543210,2024-04-08 11:14:00,google.com,AnyDesk,5.71,62,False,133.84.64.130
9876543210,2024-05-01 10:08:00,hawala.com,Telegram,34.36,15,False,26.79.2.61
9876543210,2024-05-30 10:21:00,youtube.com,Signal,9.29,65,False,181.147.236.176
9876543210,2024-03-16 12:56:00,binance.com,Signal,359.26,5,False,44.212.60.12
9876543210,2024-03-03 05:17:00,onion.to,Signal,115.23,55,False,138.56.228.78
9876543210,2024-03-17 00:18:00,flipkart.com,GPay,43.43,80,True,30.182.113.190
9876543210,2024-03-31 16:06:00,protonmail.com,AnyDesk,127.97,102,True,75.127.113.182
9876543210,2024-03-09 09:35:00,instagram.com,BHIM,17.14,28,True,254.200.57.32
9876543210,2024-05-04 22:53:00,google.com,PhonePe,32.17,56,False,7.10.194.142
9876543210,2024-04-30 08:10:00,whatsapp.com,Signal,15.45,36,True,79.192.238.84
9876543210,2024-04-10 10:01:00,whatsapp.com,Signal,49.47,11,False,129.126.147.202
9876543210,2024-05-18 07:30:00,instagram.com,AnyDesk,41.53,69,False,173.137.149.222
9876543210,2024-05-03 02:21:00,tor2web.org,Signal,107.98,11,False,81.242.243.9
9876543210,2024-04-22 09:11:00,telegram.org,Signal,142.06,91,True,223.161.186.149
9876543210,2024-04-25 00:54:00,tor2web.org,Signal,382.44,108,False,159.152.250.237
9876543210,2024-03-12 18:48:00,flipkart.com,Instagram,10.61,11,False,248.14.244.177
9876543210,2024-04-06 18:29:00,protonmail.com,TeamViewer,27.11,57,False,220.73.222.84
9876543210,2024-03-31 06:37:00,tor2web.org,Signal,142.12,107,False,73.184.152.244
9876543210,2024-04-14 16:31:00,twitter.com,YouTube,15.67,31,False,104.46.100.22
9876543210,2024-04-10 12:19:00,binance.com,TeamViewer,479.5,112,False,139.150.126.228
9876543210,2024-03-03 19:19:00,telegram.org,Telegram,263.67,79,False,50.17.116.6
9876543210,2024-05-20 23:58:00,nordvpn.com,TeamViewer,290.36,1,False,154.237.182.60
9876543210,2024-05-14 03:11:00,binance.com,TeamViewer,140.57,72,False,233.51.94.235
9876543210,2024-03-07 08:49:00,hotstar.com,Signal,9.45,29,True,169.104.96.203
9876543210,2024-03-09 17:49:00,telegram.org,TeamViewer,338.79,29,True,87.251.116.71
9876543210,2024-03-23 13:03:00,youtube.com,YouTube,0.94,48,True,103.144.132.76
9876543210,2024-04-18 06:59:00,protonmail.com,TeamViewer,201.31,102,False,134.134.124.89
9876543210,2024-03-21 15:12:00,whatsapp.com,TeamViewer,12.24,107,False,53.106.39.131
9876543210,2024-04-24 14:54:00,youtube.com,PhonePe,19.5,83,False,233.131.25.185
9876543210,2024-05-06 09:59:00,nordvpn.com,TeamViewer,208.44,57,False,30.190.74.32
9876543210,2024-03-25 23:55:00,localbitcoins.com,TeamViewer,205.42,3,False,70.81.115.15
9876543210,2024-05-18 01:50:00,whatsapp.com,TeamViewer,25.31,109,False,71.8.53.39
9876543210,2024-03-26 19:51:00,hawala.com,TeamViewer,206.75,20,False,246.206.46.194
9876543210,2024-03-24 07:55:00,hotstar.com,WhatsApp,15.99,76,False,175.130.248.218
9876543210,2024-04-25 06:51:00,whatsapp.com,TeamViewer,5.32,101,True,253.135.183.111
9876543210,2024-04-30 17:30:00,instagram.com,BHIM,35.82,70,False,85.190.76.56
9876543210,2024-03-15 05:57:00,google.com,Instagram,5.58,69,True,228.202.64.143
9876543210,2024-04-28 14:24:00,hotstar.com,Chrome,25.25,26,False,228.127.96.137
9876543210,2024-04-11 20:37:00,telegram.org,Telegram,329.2,28,False,85.159.80.241
9876543210,2024-05-11 21:23:00,whatsapp.com,TeamViewer,48.26,28,False,206.119.84.104
9876543210,2024-03-03 17:38:00,instagram.com,PhonePe,10.5,95,True,92.103.39.216
9876543210,2024-04-28 21:45:00,flipkart.com,Chrome,32.98,79,False,115.60.107.35
9876543210,2024-03-20 19:43:00,amazon.in,PhonePe,48.0,100,False,196.219.136.67
9876543210,2024-04-29 22:13:00,binance.com,AnyDesk,345.07,59,True,210.250.33.252
9876543210,2024-04-21 19:25:00,youtube.com,Instagram,29.1,103,False,177.249.225.190
9876543210,2024-04-29 11:09:00,whatsapp.com,Paytm,20.92,35,True,55.84.206.37
9876543210,2024-04-22 09:55:00,hawala.com,TeamViewer,124.78,112,False,30.188.169.200
9876543210,2024-04-13 08:34:00,telegram.org,TeamViewer,445.1,105,False,212.155.98.199
9876543210,2024-05-25 08:59:00,whatsapp.com,BHIM,7.88,6,False,133.204.225.225
9876543210,2024-03-17 17:23:00,amazon.in,BHIM,43.35,7,True,141.237.55.255
9876543210,2024-05-17 06:38:00,whatsapp.com,Paytm,23.62,45,False,228.189.217.143
9876543210,2024-03-26 18:11:00,twitter.com,GPay,41.33,102,False,181.149.221.19
9876543210,2024-05-19 02:52:00,instagram.com,Instagram,37.9,9,False,14.187.208.30
9876543210,2024-03-06 12:36:00,twitter.com,AnyDesk,15.22,36,False,36.157.235.41
9876543210,2024-05-22 00:01:00,instagram.com,AnyDesk,22.49,47,True,246.51.71.197
9876543210,2024-05-06 17:42:00,telegram.org,TeamViewer,417.65,16,False,221.128.200.50
9876543210,2024-03-05 13:36:00,facebook.com,Telegram,11.18,85,False,38.38.130.57
9876543210,2024-04-24 20:38:00,flipkart.com,TeamViewer,37.47,72,False,37.7.62.252
9876543210,2024-05-09 17:50:00,amazon.in,BHIM,27.43,112,False,188.101.238.44
9876543210,2024-03-30 21:12:00,protonmail.com,AnyDesk,383.81,93,False,168.79.73.141
9876543210,2024-04-24 02:53:00,youtube.com,PhonePe,30.7,23,True,1.160.118.221
9876543210,2024-05-25 05:35:00,amazon.in,TeamViewer,16.85,5,True,165.238.32.26
9876543210,2024-05-03 07:41:00,nordvpn.com,AnyDesk,310.54,10,False,177.206.184.120
9876543210,2024-04-05 15:36:00,hotstar.com,Paytm,26.19,96,True,44.173.199.134
9876543210,2024-05-26 01:01:00,binance.com,Telegram,243.41,27,False,146.248.47.242
9876543210,2024-05-23 04:42:00,hotstar.com,WhatsApp,16.57,106,False,57.255.177.151
9876543210,2024-03-06 15:12:00,instagram.com,Paytm,44.12,85,False,164.30.142.253
9876543210,2024-03-23 10:22:00,onion.to,AnyDesk,284.56,120,False,137.250.145.158
9876543210,2024-03-11 00:59:00,amazon.in,GPay,27.76,80,False,116.48.68.220
9876543210,2024-03-25 12:17:00,twitter.com,PhonePe,13.28,85,False,231.51.214.153
9876543210,2024-04-23 06:42:00,youtube.com,TeamViewer,32.21,3,False,126.200.79.15
9876543210,2024-03-02 11:39:00,tor2web.org,Telegram,111.83,82,False,209.109.222.178
9876543210,2024-03-27 05:47:00,hawala.com,Signal,442.3,21,False,78.135.226.167
9876543210,2024-03-14 18:37:00,hotstar.com,Instagram,6.17,73,False,123.212.13.89
9876543210,2024-04-23 02:42:00,youtube.com,BHIM,40.57,56,True,208.106.206.74
9876543210,2024-05-29 21:34:00,flipkart.com,TeamViewer,26.75,67,False,136.109.74.16
9876543210,2024-05-21 16:37:00,twitter.com,PhonePe,27.33,34,False,239.65.27.182
9876543210,2024-03-06 19:47:00,youtube.com,BHIM,10.69,37,False,225.41.18.216
9876543210,2024-05-25 16:20:00,onion.to,AnyDesk,465.37,66,False,35.201.167.87
9876543210,2024-04-07 18:30:00,protonmail.com,Telegram,238.36,50,False,50.251.114.150
9876543210,2024-05-01 09:20:00,localbitcoins.com,TeamViewer,171.38,10,True,89.250.74.3
9876543210,2024-05-28 11:40:00,twitter.com,WhatsApp,12.61,85,False,212.37.49.248
9876543210,2024-04-17 16:54:00,youtube.com,Paytm,20.81,2,False,161.82.18.160
9876543210,2024-04-21 23:01:00,whatsapp.com,Signal,47.94,3,False,170.29.152.254
9876543210,2024-05-22 16:49:00,flipkart.com,GPay,4.17,26,False,38.221.156.91
9876543210,2024-04-07 14:51:00,hotstar.com,AnyDesk,5.57,91,False,174.75.179.71
9876543210,2024-04-10 10:00:00,flipkart.com,Instagram,12.09,5,False,19.10.231.121
9876543210,2024-05-20 16:47:00,whatsapp.com,Signal,8.13,86,False,63.221.9.229
9876543210,2024-04-18 15:44:00,google.com,PhonePe,38.07,34,False,218.139.152.227
9876543210,2024-04-23 07:09:00,youtube.com,GPay,17.98,21,True,120.134.230.64
9876543210,2024-05-30 23:30:00,facebook.com,TeamViewer,14.04,40,False,162.10.32.15
9876543210,2024-05-26 08:58:00,google.com,GPay,35.43,112,False,62.40.211.17
9876543210,2024-04-02 22:22:00,binance.com,Signal,327.42,97,False,203.145.69.51
9876543210,2024-05-27 09:17:00,instagram.com,Telegram,43.25,51,False,43.95.131.198
9876543210,2024-04-12 03:50:00,hotstar.com,AnyDesk,46.98,75,False,73.254.236.227
9876543210,2024-05-13 01:54:00,binance.com,AnyDesk,80.53,9,False,226.150.148.204
9876543210,2024-05-22 16:33:00,youtube.com,Chrome,34.72,77,False,42.237.75.107
9876543210,2024-03-15 23:00:00,amazon.in,BHIM,41.54,12,False,107.40.156.7
9876543210,2024-03-03 21:21:00,protonmail.com,TeamViewer,405.89,120,False,34.200.177.169
9876543210,2024-05-03 08:04:00,hotstar.com,WhatsApp,6.79,70,False,197.57.245.166
9876543210,2024-03-02 06:16:00,telegram.org,TeamViewer,266.59,21,False,231.246.1.192
9876543210,2024-03-02 12:13:00,nordvpn.com,Signal,99.45,91,False,118.92.74.124
9876543210,2024-04-03 21:22:00,instagram.com,Instagram,10.91,30,True,120.94.168.154
9876543210,2024-03-26 08:30:00,flipkart.com,GPay,35.84,91,True,184.130.107.238
9876543210,2024-05-13 13:17:00,hotstar.com,PhonePe,27.86,41,False,42.248.226.205
9876543210,2024-05-24 01:08:00,tor2web.org,AnyDesk,164.62,27,False,24.55.158.242
9876543210,2024-04-10 23:58:00,youtube.com,PhonePe,49.59,103,False,129.97.26.103
9876543210,2024-04-29 05:05:00,tor2web.org,Telegram,417.83,111,False,185.116.132.165
9876543210,2024-03-28 22:52:00,flipkart.com,Chrome,46.17,82,False,115.124.70.21
9876543210,2024-03-24 22:02:00,flipkart.com,YouTube,26.45,19,False,188.7.120.14
9876543210,2024-05-16 03:13:00,facebook.com,BHIM,37.02,118,False,7.143.4.198
9876543210,2024-03-25 08:12:00,google.com,AnyDesk,27.21,85,False,182.92.35.31
9876543210,2024-05-20 19:28:00,twitter.com,TeamViewer,30.91,103,False,238.225.169.152
9876543210,2024-05-12 15:30:00,protonmail.com,Telegram,473.49,30,False,94.116.31.76
9876543210,2024-03-15 08:48:00,hawala.com,AnyDesk,393.13,85,False,73.128.138.116
9876543210,2024-04-11 14:56:00,tor2web.org,TeamViewer,299.65,61,True,27.23.17.213
9876543210,2024-04-01 05:01:00,instagram.com,Signal,1.35,13,False,137.178.177.78
9876543210,2024-04-22 21:49:00,flipkart.com,Telegram,12.58,68,True,67.14.233.231
9876543210,2024-05-26 23:56:00,amazon.in,YouTube,36.11,61,False,1.183.45.192
9876543210,2024-03-03 18:53:00,whatsapp.com,AnyDesk,15.11,105,False,244.113.241.157
9876543210,2024-04-24 19:25:00,hotstar.com,TeamViewer,27.8,11,False,7.21.83.198
9876543210,2024-04-05 06:44:00,flipkart.com,Chrome,43.36,4,False,153.148.190.61
9876543210,2024-04-24 23:49:00,youtube.com,TeamViewer,10.3,26,False,224.123.17.124
9876543210,2024-04-28 20:59:00,hotstar.com,WhatsApp,26.63,51,False,86.112.247.66
9876543210,2024-03-21 11:45:00,google.com,AnyDesk,33.25,108,False,86.243.127.168
9876543210,2024-04-18 04:39:00,localbitcoins.com,AnyDesk,204.45,39,True,137.84.74.145
9876543210,2024-03-30 04:43:00,protonmail.com,Signal,115.06,15,False,187.231.226.114
9876543210,2024-04-14 18:44:00,google.com,YouTube,29.28,5,False,66.179.55.235
9876543210,2024-04-24 18:37:00,amazon.in,Instagram,16.33,30,True,200.73.75.98
9876543210,2024-05-27 20:54:00,hawala.com,Telegram,224.91,98,False,172.186.194.106
9876543210,2024-05-28 18:31:00,twitter.com,BHIM,27.06,108,False,27.29.99.173
9876543210,2024-05-30 17:22:00,flipkart.com,Chrome,43.25,26,False,226.204.91.141
9876543210,2024-05-28 21:45:00,binance.com,Telegram,328.67,83,False,40.246.63.132
9876543210,2024-05-02 09:59:00,nordvpn.com,Signal,194.75,47,False,217.222.122.212
9876543210,2024-03-04 02:50:00,hotstar.com,TeamViewer,34.15,21,False,227.227.196.25
9876543210,2024-05-01 02:51:00,whatsapp.com,Instagram,36.27,36,False,81.161.181.62
9876543210,2024-05-03 22:23:00,youtube.com,BHIM,46.02,85,True,41.35.8.77
9876543210,2024-03-30 19:26:00,binance.com,TeamViewer,353.48,16,False,45.70.162.130
9876543210,2024-04-17 08:44:00,amazon.in,Signal,44.85,35,True,215.184.9.174
9876543210,2024-04-19 00:13:00,localbitcoins.com,Telegram,309.6,87,False,55.240.71.68
9876543210,2024-03-02 18:34:00,onion.to,Telegram,186.07,75,False,39.187.74.185
9876543210,2024-03-27 13:56:00,telegram.org,TeamViewer,496.08,104,False,61.149.112.82
9876543210,2024-03-17 18:16:00,telegram.org,Telegram,499.17,63,False,175.64.126.1
9876543210,2024-05-09 06:11:00,hotstar.com,Chrome,20.9,47,False,54.215.78.111
9876543210,2024-05-11 09:16:00,flipkart.com,Telegram,24.79,45,False,13.24.90.189
9876543210,2024-05-04 23:31:00,binance.com,Signal,102.41,118,True,10.106.14.156
9876543210,2024-03-08 15:58:00,instagram.com,TeamViewer,14.22,44,False,78.141.70.206
9876543210,2024-05-02 01:17:00,google.com,Instagram,16.53,6,False,191.140.152.51
9876543210,2024-04-14 02:26:00,flipkart.com,WhatsApp,31.45,116,True,100.147.63.232
9876543210,2024-03-10 11:33:00,youtube.com,BHIM,31.38,1,False,19.224.127.107
9876543210,2024-05-29 01:03:00,youtube.com,Chrome,31.93,65,False,76.43.101.23
9876543210,2024-05-16 01:00:00,twitter.com,TeamViewer,46.01,79,False,82.205.134.137
9876543210,2024-04-26 02:48:00,whatsapp.com,Telegram,45.95,25,False,77.113.246.89
9876543210,2024-03-22 05:01:00,google.com,Telegram,39.36,96,False,30.54.233.121
9876543210,2024-04-05 21:04:00,onion.to,TeamViewer,178.91,2,False,105.23.80.248
9876543210,2024-03-14 23:31:00,hotstar.com,Signal,40.3,85,False,124.109.185.103
9876543210,2024-04-07 07:44:00,instagram.com,Signal,13.4,105,False,111.78.103.25
9876543210,2024-05-24 04:54:00,protonmail.com,AnyDesk,299.92,9,False,4.41.144.187
9876543210,2024-03-28 09:45:00,instagram.com,Signal,8.29,96,False,214.135.218.107
9876543210,2024-05-30 21:37:00,hotstar.com,AnyDesk,14.15,6,False,101.22.237.150
9876543210,2024-04-15 01:17:00,hawala.com,TeamViewer,468.76,37,False,217.64.210.148
9876543210,2024-05-23 00:39:00,instagram.com,Chrome,5.2,2,False,181.82.6.31
9876543210,2024-03-31 14:28:00,amazon.in,PhonePe,16.29,56,False,91.115.24.90
9876543210,2024-03-23 03:03:00,twitter.com,PhonePe,36.84,94,False,90.66.31.136
9876543210,2024-04-30 22:29:00,whatsapp.com,Telegram,44.73,70,True,141.59.143.131
9876543210,2024-04-21 09:05:00,google.com,GPay,10.33,75,False,84.136.69.215
9876543210,2024-05-21 23:22:00,onion.to,AnyDesk,408.7,114,False,247.2.146.157
9876543210,2024-04-26 22:58:00,whatsapp.com,AnyDesk,19.43,38,False,127.176.107.137
9876543210,2024-03-08 08:49:00,binance.com,Signal,411.34,88,False,49.120.65.15
9876543210,2024-04-06 23:17:00,hawala.com,Signal,159.9,60,False,253.80.155.170
9876543210,2024-05-21 10:26:00,whatsapp.com,Signal,13.11,54,False,89.114.199.77
9876543210,2024-04-14 02:06:00,tor2web.org,AnyDesk,172.9,106,False,87.2.233.255
9876543210,2024-05-01 17:26:00,amazon.in,Telegram,46.22,57,True,48.248.252.252
9876543210,2024-05-17 20:21:00,amazon.in,GPay,17.39,106,False,107.24.100.40
9876543210,2024-04-13 15:51:00,onion.to,Signal,399.35,58,True,18.227.145.44
9876543210,2024-05-29 16:18:00,protonmail.com,TeamViewer,457.06,61,False,29.136.195.209
9876543210,2024-05-27 16:34:00,tor2web.org,TeamViewer,383.37,64,False,128.228.229.87
9876543210,2024-04-28 20:30:00,twitter.com,Signal,24.94,93,False,162.67.19.1
9876543210,2024-04-15 02:17:00,whatsapp.com,Chrome,36.79,83,True,110.209.144.10
9876543210,2024-05-08 15:15:00,amazon.in,Signal,16.53,82,False,16.110.42.37
9876543210,2024-05-12 05:05:00,flipkart.com,YouTube,16.7,54,True,20.218.226.200
9876543210,2024-05-20 13:17:00,nordvpn.com,AnyDesk,407.41,87,False,98.85.107.7
9876543210,2024-04-05 00:14:00,onion.to,AnyDesk,172.09,80,False,104.234.129.77
9876543210,2024-03-13 14:11:00,youtube.com,YouTube,41.5,90,False,57.222.4.26
9876543210,2024-04-17 13:16:00,amazon.in,WhatsApp,11.38,104,True,53.60.193.211
9876543210,2024-04-23 05:04:00,hotstar.com,Telegram,47.37,64,False,113.207.124.97
9876543210,2024-03-17 02:55:00,whatsapp.com,PhonePe,7.0,120,False,206.32.99.182
9876543210,2024-04-24 02:03:00,instagram.com,WhatsApp,21.34,46,False,112.80.86.197
9876543210,2024-04-09 15:11:00,onion.to,AnyDesk,444.61,102,False,160.202.210.69
9876543210,2024-05-30 11:42:00,onion.to,Telegram,132.52,69,False,11.32.55.137
9876543210,2024-03-15 01:55:00,telegram.org,AnyDesk,25.46,17,False,44.137.191.207
9876543210,2024-03-17 13:49:00,google.com,BHIM,40.59,8,False,189.196.32.208
9876543210,2024-05-28 18:33:00,hawala.com,TeamViewer,70.44,99,False,187.155.202.236
9876543210,2024-05-24 04:33:00,hotstar.com,AnyDesk,22.42,98,False,34.113.115.146
9876543210,2024-05-10 09:04:00,amazon.in,PhonePe,21.08,69,False,60.213.149.219
9876543210,2024-04-08 22:41:00,whatsapp.com,Instagram,0.57,101,False,169.255.114.50
9876543210,2024-03-12 04:33:00,binance.com,AnyDesk,10.81,116,False,206.25.130.97
9876543210,2024-03-14 10:33:00,localbitcoins.com,TeamViewer,273.63,72,False,90.89.164.69
9876543210,2024-03-07 06:54:00,instagram.com,GPay,15.66,40,True,11.197.178.76
9876543210,2024-05-15 18:14:00,facebook.com,Instagram,34.05,73,False,32.249.146.79
9876543210,2024-05-29 05:18:00,google.com,Chrome,40.82,36,False,242.226.61.7
9876543210,2024-05-01 05:50:00,localbitcoins.com,TeamViewer,186.92,65,False,117.50.76.215
9876543210,2024-05-15 14:31:00,nordvpn.com,AnyDesk,485.95,104,True,178.199.45.21
9876543210,2024-04-05 19:32:00,instagram.com,Chrome,10.5,44,False,228.22.25.199
9876543210,2024-04-05 16:28:00,flipkart.com,Telegram,10.96,44,False,158.240.129.241
9876543210,2024-03-02 05:43:00,google.com,Instagram,22.7,4,True,38.73.54.40
9876543210,2024-03-06 09:10:00,youtube.com,Paytm,40.02,70,False,49.188.30.63
9876543210,2024-03-18 14:09:00,whatsapp.com,AnyDesk,17.36,41,False,192.48.24.230
9876543210,2024-03-22 18:13:00,tor2web.org,AnyDesk,374.18,65,False,110.255.52.8
9876543210,2024-04-05 00:38:00,localbitcoins.com,AnyDesk,135.23,12,False,135.231.254.213
9876543210,2024-05-02 09:16:00,flipkart.com,WhatsApp,48.72,44,False,248.43.109.35
9876543210,2024-04-22 18:22:00,instagram.com,Telegram,21.03,98,False,157.42.53.22
9876543210,2024-05-21 20:40:00,flipkart.com,Telegram,0.91,11,False,60.197.68.188
9876543210,2024-04-19 05:02:00,localbitcoins.com,Signal,43.61,100,True,121.200.209.22
9876543210,2024-05-28 11:30:00,hotstar.com,GPay,11.02,30,True,154.96.93.81
9876543210,2024-05-29 08:42:00,hawala.com,TeamViewer,435.48,37,False,18.17.182.133
9876543210,2024-05-04 05:33:00,flipkart.com,AnyDesk,13.52,86,True,186.67.254.65
9876543210,2024-05-01 08:35:00,twitter.com,BHIM,25.5,60,False,135.175.10.22
9876543210,2024-03-01 10:38:00,onion.to,AnyDesk,427.09,55,True,162.251.106.179
9876543210,2024-04-02 09:13:00,youtube.com,Paytm,24.21,105,False,4.162.215.133
9876543210,2024-03-02 14:37:00,facebook.com,Chrome,41.15,58,False,135.124.134.66
9876543210,2024-03-29 15:42:00,whatsapp.com,Chrome,3.74,70,True,58.246.237.6
9876543210,2024-05-16 09:40:00,google.com,Instagram,0.81,98,True,203.102.54.185
9876543210,2024-04-15 13:24:00,twitter.com,YouTube,34.37,45,True,113.27.156.124
9876543210,2024-04-10 10:38:00,telegram.org,Telegram,72.92,67,False,208.94.189.58
9876543210,2024-04-20 09:55:00,facebook.com,TeamViewer,35.17,67,False,202.28.250.206
9876543210,2024-05-15 11:55:00,whatsapp.com,AnyDesk,40.35,72,True,196.97.15.201
9876543210,2024-04-09 11:00:00,nordvpn.com,TeamViewer,26.75,45,False,241.7.67.5
9876543210,2024-04-05 23:03:00,onion.to,Telegram,419.82,60,False,230.232.58.167
9876543210,2024-05-04 17:58:00,instagram.com,Telegram,3.04,20,False,92.217.47.137
9876543210,2024-04-06 21:31:00,instagram.com,GPay,25.09,55,False,48.182.72.92
9876543210,2024-04-02 23:03:00,flipkart.com,Chrome,16.83,51,False,14.255.222.138
9876543210,2024-03-04 11:13:00,hotstar.com,Paytm,38.53,112,True,255.110.25.114
9876543210,2024-05-04 00:40:00,hotstar.com,Telegram,48.29,19,False,133.152.33.52
9876543210,2024-04-27 08:14:00,localbitcoins.com,Telegram,473.66,79,False,131.251.72.110
9876543210,2024-05-07 13:24:00,twitter.com,Paytm,14.27,27,True,66.220.135.44
9876543210,2024-05-07 00:34:00,amazon.in,BHIM,34.47,113,False,108.136.118.201
9876543210,2024-04-16 20:54:00,nordvpn.com,TeamViewer,166.34,77,False,4.236.221.202
9876543210,2024-05-21 10:00:00,facebook.com,PhonePe,23.44,89,False,201.116.97.30
9876543210,2024-04-06 06:23:00,flipkart.com,WhatsApp,2.48,73,False,144.100.70.118
9876543210,2024-05-01 22:50:00,facebook.com,Instagram,43.65,102,False,12.25.210.71
9876543210,2024-05-12 16:04:00,tor2web.org,AnyDesk,136.84,67,False,146.69.57.195
9876543210,2024-03-16 15:25:00,google.com,Instagram,15.81,75,False,180.39.139.108
9876543210,2024-04-30 23:35:00,instagram.com,WhatsApp,0.77,1,False,84.136.237.67
9876543210,2024-05-04 17:06:00,google.com,Signal,32.78,31,False,117.71.85.10
9876543210,2024-03-05 16:58:00,flipkart.com,TeamViewer,33.26,8,False,144.186.11.215
9876543210,2024-05-05 03:22:00,tor2web.org,Signal,247.91,91,True,115.192.52.219
9876543210,2024-05-28 09:38:00,google.com,AnyDesk,4.7,17,False,104.62.105.20
9876543210,2024-05-02 22:21:00,amazon.in,Instagram,3.57,19,False,130.112.96.23
9876543210,2024-05-04 03:57:00,twitter.com,BHIM,43.85,5,True,63.173.252.19
9876543210,2024-04-30 20:18:00,protonmail.com,AnyDesk,313.22,109,False,252.45.164.129
9876543210,2024-03-11 05:51:00,twitter.com,Signal,24.64,59,False,88.220.149.224
9876543210,2024-04-19 12:09:00,whatsapp.com,PhonePe,22.54,46,True,66.26.253.160
9876543210,2024-04-18 18:18:00,protonmail.com,Telegram,169.46,22,False,64.183.161.147
9876543210,2024-04-26 07:42:00,nordvpn.com,AnyDesk,196.68,95,True,89.238.222.177
9876543210,2024-03-08 14:16:00,google.com,WhatsApp,34.2,94,True,80.157.111.150
9876543210,2024-03-15 11:22:00,twitter.com,GPay,25.66,60,True,60.107.139.231
9876543210,2024-04-09 01:30:00,google.com,Paytm,19.2,100,False,242.50.47.174
9876543210,2024-04-28 03:40:00,nordvpn.com,Telegram,486.68,19,True,138.25.93.165
9876543210,2024-03-17 16:42:00,hawala.com,AnyDesk,283.24,87,False,69.83.46.13
9876543210,2024-03-31 10:35:00,instagram.com,Telegram,25.54,24,True,26.238.207.64
9876543210,2024-05-15 12:26:00,amazon.in,WhatsApp,20.92,44,False,138.147.109.18
9876543210,2024-04-15 05:38:00,nordvpn.com,Telegram,125.36,59,False,62.190.126.118
9876543210,2024-05-30 03:10:00,nordvpn.com,Signal,386.67,119,False,28.162.113.251
9876543210,2024-04-20 15:25:00,youtube.com,YouTube,24.59,50,True,164.102.214.162
9876543210,2024-05-05 10:40:00,flipkart.com,BHIM,14.97,86,False,30.158.227.17
9876543210,2024-03-17 00:10:00,hawala.com,Signal,223.32,89,False,155.73.153.56
9876543210,2024-04-04 06:32:00,twitter.com,TeamViewer,26.62,51,True,84.51.20.137
9876543210,2024-03-02 13:29:00,amazon.in,AnyDesk,28.75,11,False,129.242.30.117
9876543210,2024-04-29 00:35:00,youtube.com,TeamViewer,39.84,92,False,11.203.75.137
9876543210,2024-05-28 19:11:00,flipkart.com,GPay,14.83,9,False,208.47.120.251
9876543210,2024-05-04 09:09:00,flipkart.com,PhonePe,9.17,42,False,99.189.192.254
9876543210,2024-03-09 01:53:00,onion.to,Telegram,78.37,86,True,143.32.185.244
9876543210,2024-03-17 02:15:00,nordvpn.com,Telegram,454.87,23,False,150.36.223.154
9876543210,2024-04-27 00:24:00,nordvpn.com,Signal,20.78,98,False,233.102.169.16
9876543210,2024-04-02 14:29:00,youtube.com,WhatsApp,10.58,36,False,126.3.201.29
9876543210,2024-05-12 05:03:00,amazon.in,Instagram,5.26,106,True,142.28.239.211
9876543210,2024-05-26 17:26:00,binance.com,Signal,277.46,51,False,130.11.6.159
9876543210,2024-03-09 17:56:00,binance.com,AnyDesk,37.47,33,False,57.94.234.156
9876543210,2024-05-12 15:24:00,onion.to,Telegram,390.02,78,False,56.234.174.185
9876543210,2024-03-22 12:15:00,youtube.com,GPay,29.87,2,False,222.219.17.85
9876543210,2024-04-06 05:16:00,twitter.com,TeamViewer,28.33,90,False,106.75.94.73
9876543210,2024-05-11 21:37:00,localbitcoins.com,Telegram,113.46,55,False,103.70.75.41
9876543210,2024-04-16 20:29:00,hawala.com,TeamViewer,470.5,76,False,100.30.31.21
9876543210,2024-04-17 15:38:00,amazon.in,TeamViewer,36.62,37,False,215.221.77.166
9876543210,2024-04-11 10:20:00,facebook.com,AnyDesk,0.3,63,False,29.92.192.228
9876543210,2024-04-28 11:07:00,google.com,AnyDesk,8.64,84,True,31.19.80.207
9876543210,2024-03-20 08:59:00,onion.to,TeamViewer,300.15,81,False,2.116.226.54
9876543210,2024-03-15 23:53:00,binance.com,Signal,462.59,10,False,29.155.21.38
9876543210,2024-04-12 09:01:00,instagram.com,AnyDesk,48.72,86,True,46.123.156.65
9876543210,2024-04-24 17:35:00,flipkart.com,TeamViewer,19.85,115,False,212.200.80.167
9876543210,2024-05-10 10:51:00,hotstar.com,BHIM,42.47,56,False,240.2.91.64
9876543210,2024-04-17 03:52:00,telegram.org,TeamViewer,125.45,87,False,243.243.129.99
9876543210,2024-05-04 01:25:00,amazon.in,Signal,40.76,66,False,87.139.86.100
9876543210,2024-05-27 15:54:00,facebook.com,PhonePe,21.85,115,False,230.196.254.124
9876543210,2024-04-20 10:24:00,binance.com,Signal,491.62,65,True,97.129.12.254
9876543210,2024-04-27 18:13:00,youtube.com,GPay,38.3,51,True,31.52.239.91
9876543210,2024-03-20 15:38:00,whatsapp.com,Instagram,22.7,19,False,140.88.58.199
9876543210,2024-03-16 04:35:00,binance.com,TeamViewer,182.8,10,False,50.236.55.117
9876543210,2024-04-29 14:01:00,whatsapp.com,YouTube,30.52,37,True,197.227.59.119
9876543210,2024-03-09 15:52:00,hotstar.com,Chrome,27.25,101,False,40.75.27.196
9876543210,2024-03-03 20:48:00,facebook.com,BHIM,47.89,59,False,109.246.122.21
9876543210,2024-04-16 18:21:00,whatsapp.com,Signal,42.45,43,True,60.156.79.76
9876543210,2024-03-01 17:59:00,whatsapp.com,BHIM,6.42,10,False,82.144.127.73
9876543210,2024-04-30 21:21:00,hotstar.com,YouTube,8.78,106,False,109.105.128.33
9876543210,2024-05-08 01:37:00,nordvpn.com,TeamViewer,491.64,16,False,152.80.234.13
9876543210,2024-04-01 17:45:00,facebook.com,Paytm,37.75,11,False,222.145.6.106
9876543210,2024-05-21 02:14:00,localbitcoins.com,Signal,275.14,44,False,164.11.154.109
9876543210,2024-04-23 10:57:00,facebook.com,Telegram,14.22,83,False,210.41.237.22
9876543210,2024-03-20 10:49:00,whatsapp.com,YouTube,8.81,83,True,244.127.29.73
9876543210,2024-04-07 07:22:00,hawala.com,TeamViewer,25.3,16,False,28.194.37.122
9876543210,2024-03-24 22:23:00,twitter.com,Signal,4.46,46,False,44.55.233.191
9876543210,2024-04-06 11:34:00,hotstar.com,AnyDesk,9.44,114,False,189.143.235.251
9876543210,2024-04-24 01:09:00,onion.to,AnyDesk,64.72,31,True,109.231.169.71
9876543210,2024-05-01 17:43:00,instagram.com,GPay,39.8,13,False,50.246.87.73
9876543210,2024-05-07 01:14:00,localbitcoins.com,TeamViewer,89.16,30,False,57.47.107.13
9876543210,2024-05-18 18:29:00,telegram.org,Signal,161.69,49,True,128.224.87.170
9876543210,2024-03-20 23:18:00,youtube.com,Telegram,47.0,114,False,158.115.239.181
9876543210,2024-05-03 15:38:00,twitter.com,GPay,13.72,71,False,82.244.102.241
9876543210,2024-03-19 02:23:00,instagram.com,Paytm,39.0,12,False,102.253.200.139
9876543210,2024-05-19 17:21:00,tor2web.org,AnyDesk,39.7,51,False,30.162.44.79
9876543210,2024-03-28 13:41:00,flipkart.com,PhonePe,0.57,45,False,52.143.255.243
9876543210,2024-03-15 19:06:00,nordvpn.com,Signal,333.3,120,False,179.204.233.129
9876543210,2024-05-02 12:13:00,hawala.com,Signal,100.28,22,False,76.63.60.213
9876543210,2024-03-21 15:09:00,onion.to,Telegram,307.4,35,True,86.117.239.123
9876543210,2024-05-13 05:18:00,flipkart.com,BHIM,38.0,110,False,214.1.137.177
9876543210,2024-04-09 09:34:00,instagram.com,Chrome,47.33,31,False,131.17.238.214
9876543210,2024-03-02 00:24:00,nordvpn.com,Telegram,217.05,61,True,48.155.200.113
9876543210,2024-04-01 03:22:00,google.com,Chrome,39.66,21,False,61.47.243.87
9876543210,2024-03-25 04:28:00,amazon.in,GPay,14.92,82,False,249.166.187.75
9876543210,2024-04-01 10:18:00,hotstar.com,Chrome,49.62,98,False,123.70.141.91
9876543210,2024-04-12 07:20:00,twitter.com,Telegram,4.88,56,False,131.90.130.239
9876543210,2024-04-12 23:17:00,binance.com,Telegram,168.35,15,True,38.169.191.251
9876543210,2024-03-04 10:53:00,facebook.com,YouTube,35.27,9,True,141.187.96.218
9876543210,2024-05-04 03:04:00,whatsapp.com,PhonePe,40.53,19,False,166.117.253.113
9876543210,2024-03-09 19:13:00,protonmail.com,Telegram,480.13,96,True,245.146.99.114
